date,visitors
2026-01-01,1086
2026-01-02,1504
2026-01-03,1714
2026-01-04,1446
2026-01-05,1152
2026-01-06,1086
2026-01-07,974
2026-01-08,1128
2026-01-09,1546
2026-01-10,1486
2026-01-11,1288
2026-01-12,1124
2026-01-13,976
2026-01-14,1148
2026-01-15,1394
2026-01-16,1627
2026-01-17,1686
2026-01-18,1548
2026-01-19,1255
2026-01-20,1092
2026-01-21,1071
2026-01-22,1511
2026-01-23,1602
2026-01-24,1639
2026-01-25,1657
2026-01-26,1263
2026-01-27,1294
2026-01-28,1304
2026-01-29,1390
2026-01-30,1682
2026-01-31,1835
2026-02-01,1694
2026-02-02,1550
2026-02-03,1320
2026-02-04,1652
2026-02-05,1471
2026-02-06,1724
2026-02-07,1812
2026-02-08,1565
2026-02-09,1580
2026-02-10,1442
2026-02-11,1421
2026-02-12,1577
2026-02-13,1696
2026-02-14,1818
2026-02-15,1830
2026-02-16,1538
2026-02-17,1393
2026-02-18,1535
2026-02-19,1800
2026-02-20,1924
2026-02-21,1988
2026-02-22,1958
2026-02-23,1643
2026-02-24,1474
2026-02-25,1621
2026-02-26,1743
2026-02-27,1939
2026-02-28,2145
2026-03-01,1879
2026-03-02,1459
2026-03-03,1604
2026-03-04,1596
2026-03-05,1811
2026-03-06,2083
2026-03-07,2086
2026-03-08,1995
2026-03-09,1587
2026-03-10,1559
2026-03-11,1829
2026-03-12,1906
2026-03-13,1963
2026-03-14,2075
2026-03-15,1957
2026-03-16,1849
2026-03-17,1676
2026-03-18,1714
2026-03-19,1979
2026-03-20,2227
2026-03-21,2219
2026-03-22,2066
2026-03-23,1873
2026-03-24,1816
2026-03-25,1843
2026-03-26,2118
2026-03-27,2152
2026-03-28,2244
2026-03-29,2258
2026-03-30,1909
2026-03-31,1981
